experiment_id,split_mode,phase,command,status,started_at,finished_at,duration_seconds,checkpoint_path,manifest_hash,val_pck_0_2,val_mpjpe,test_pck_0_2,test_mpjpe,val_pck_0_05,test_pck_0_05,failure
random_frame_A1,random_frame,source,"[""/data/bxliu_conda_envs/WiFiPose/bin/python"", ""/data/WiFiPose/Wi-Posev2/train.py"", ""--dataset-root"", ""/data/WiFiPose/dataset/mmfi_pose_v4"", ""--output-dir"", ""/data/WiFiPose/Wi-Posev2/outputs/final_report_seed42_v6/random_frame/source/a1"", ""--split-manifest"", ""/data/WiFiPose/Wi-Posev2/outputs/final_report_seed42_v6/manifests/random_frame_seed42.npz"", ""--batch-size"", ""64"", ""--device"", ""cuda"", ""--seed"", ""42"", ""--mode"", ""source_only"", ""--source-envs"", ""env1"", ""--epochs"", ""50"", ""--axial-mode"", ""spatial_then_temporal"", ""--decoder-type"", ""joint"", ""--bone-loss-weight"", ""0.5""]",completed,2026-07-05T09:14:12.817408+00:00,2026-07-05T09:49:35.164450+00:00,2122.346,/data/WiFiPose/Wi-Posev2/outputs/final_report_seed42_v6/random_frame/source/a1/best_val_pck_0_2.pth,eddea09d269a9c1a030f9dbb9ef3db96a1201d8c5b435490cc757560f4e92128,0.9555967132544811,0.05344537782264344,0.9564060385433244,0.053596319117479856,0.7452537796232436,0.7399931486153308,
random_frame_A2,random_frame,source,"[""/data/bxliu_conda_envs/WiFiPose/bin/python"", ""/data/WiFiPose/Wi-Posev2/train.py"", ""--dataset-root"", ""/data/WiFiPose/dataset/mmfi_pose_v4"", ""--output-dir"", ""/data/WiFiPose/Wi-Posev2/outputs/final_report_seed42_v6/random_frame/source/a2"", ""--split-manifest"", ""/data/WiFiPose/Wi-Posev2/outputs/final_report_seed42_v6/manifests/random_frame_seed42.npz"", ""--batch-size"", ""64"", ""--device"", ""cuda"", ""--seed"", ""42"", ""--mode"", ""source_only"", ""--source-envs"", ""env1"", ""--epochs"", ""50"", ""--axial-mode"", ""temporal_then_spatial"", ""--decoder-type"", ""joint"", ""--bone-loss-weight"", ""0.5""]",completed,2026-07-05T09:49:58.555003+00:00,2026-07-05T10:25:29.811187+00:00,2131.254,/data/WiFiPose/Wi-Posev2/outputs/final_report_seed42_v6/random_frame/source/a2/best_val_pck_0_2.pth,eddea09d269a9c1a030f9dbb9ef3db96a1201d8c5b435490cc757560f4e92128,0.9547530905111337,0.05485511053675487,0.9543415705068612,0.05478898853891426,0.7340672210410789,0.7342524068443863,
random_frame_A3,random_frame,source,"[""/data/bxliu_conda_envs/WiFiPose/bin/python"", ""/data/WiFiPose/Wi-Posev2/train.py"", ""--dataset-root"", ""/data/WiFiPose/dataset/mmfi_pose_v4"", ""--output-dir"", ""/data/WiFiPose/Wi-Posev2/outputs/final_report_seed42_v6/random_frame/source/a3"", ""--split-manifest"", ""/data/WiFiPose/Wi-Posev2/outputs/final_report_seed42_v6/manifests/random_frame_seed42.npz"", ""--batch-size"", ""64"", ""--device"", ""cuda"", ""--seed"", ""42"", ""--mode"", ""source_only"", ""--source-envs"", ""env1"", ""--epochs"", ""50"", ""--axial-mode"", ""parallel_sum"", ""--decoder-type"", ""joint"", ""--bone-loss-weight"", ""0.5""]",completed,2026-07-05T10:25:53.512943+00:00,2026-07-05T11:01:37.334785+00:00,2143.819,/data/WiFiPose/Wi-Posev2/outputs/final_report_seed42_v6/random_frame/source/a3/best_val_pck_0_2.pth,eddea09d269a9c1a030f9dbb9ef3db96a1201d8c5b435490cc757560f4e92128,0.9563305971357557,0.054695144613951814,0.9527023373415441,0.055517084272923296,0.734410155378742,0.7322153689243175,
random_frame_A4,random_frame,source,"[""/data/bxliu_conda_envs/WiFiPose/bin/python"", ""/data/WiFiPose/Wi-Posev2/train.py"", ""--dataset-root"", ""/data/WiFiPose/dataset/mmfi_pose_v4"", ""--output-dir"", ""/data/WiFiPose/Wi-Posev2/outputs/final_report_seed42_v6/random_frame/source/a4"", ""--split-manifest"", ""/data/WiFiPose/Wi-Posev2/outputs/final_report_seed42_v6/manifests/random_frame_seed42.npz"", ""--batch-size"", ""64"", ""--device"", ""cuda"", ""--seed"", ""42"", ""--mode"", ""source_only"", ""--source-envs"", ""env1"", ""--epochs"", ""50"", ""--axial-mode"", ""parallel_concat"", ""--decoder-type"", ""joint"", ""--bone-loss-weight"", ""0.5""]",completed,2026-07-05T11:02:01.196217+00:00,2026-07-05T11:37:14.776704+00:00,2113.578,/data/WiFiPose/Wi-Posev2/outputs/final_report_seed42_v6/random_frame/source/a4/best_val_pck_0_2.pth,eddea09d269a9c1a030f9dbb9ef3db96a1201d8c5b435490cc757560f4e92128,0.9554595379476194,0.05408726911485931,0.9571879340101171,0.0537757528030578,0.7380521317470221,0.738477372151834,
random_frame_D1,random_frame,source,"[""/data/bxliu_conda_envs/WiFiPose/bin/python"", ""/data/WiFiPose/Wi-Posev2/train.py"", ""--dataset-root"", ""/data/WiFiPose/dataset/mmfi_pose_v4"", ""--output-dir"", ""/data/WiFiPose/Wi-Posev2/outputs/final_report_seed42_v6/random_frame/source/d1"", ""--split-manifest"", ""/data/WiFiPose/Wi-Posev2/outputs/final_report_seed42_v6/manifests/random_frame_seed42.npz"", ""--batch-size"", ""64"", ""--device"", ""cuda"", ""--seed"", ""42"", ""--mode"", ""source_only"", ""--source-envs"", ""env1"", ""--epochs"", ""50"", ""--axial-mode"", ""spatial_then_temporal"", ""--decoder-type"", ""mlp"", ""--bone-loss-weight"", ""0.5""]",completed,2026-07-05T11:37:38.499733+00:00,2026-07-05T12:05:40.296955+00:00,1681.795,/data/WiFiPose/Wi-Posev2/outputs/final_report_seed42_v6/random_frame/source/d1/best_val_pck_0_2.pth,eddea09d269a9c1a030f9dbb9ef3db96a1201d8c5b435490cc757560f4e92128,0.9434705143504672,0.06591019656555153,0.9412071401101572,0.06679567197038803,0.6709053571430253,0.6658024728739703,
random_frame_D3,random_frame,source,"[""/data/bxliu_conda_envs/WiFiPose/bin/python"", ""/data/WiFiPose/Wi-Posev2/train.py"", ""--dataset-root"", ""/data/WiFiPose/dataset/mmfi_pose_v4"", ""--output-dir"", ""/data/WiFiPose/Wi-Posev2/outputs/final_report_seed42_v6/random_frame/source/d3"", ""--split-manifest"", ""/data/WiFiPose/Wi-Posev2/outputs/final_report_seed42_v6/manifests/random_frame_seed42.npz"", ""--batch-size"", ""64"", ""--device"", ""cuda"", ""--seed"", ""42"", ""--mode"", ""source_only"", ""--source-envs"", ""env1"", ""--epochs"", ""50"", ""--axial-mode"", ""spatial_then_temporal"", ""--decoder-type"", ""hierarchical"", ""--bone-loss-weight"", ""0.5""]",completed,2026-07-05T12:06:01.933203+00:00,2026-07-05T12:41:53.674362+00:00,2151.727,/data/WiFiPose/Wi-Posev2/outputs/final_report_seed42_v6/random_frame/source/d3/best_val_pck_0_2.pth,eddea09d269a9c1a030f9dbb9ef3db96a1201d8c5b435490cc757560f4e92128,0.9537174279895829,0.05412144970562723,0.9536214039943837,0.05481371670041555,0.7406310072357272,0.7371742199674065,
random_frame_B1,random_frame,source,"[""/data/bxliu_conda_envs/WiFiPose/bin/python"", ""/data/WiFiPose/Wi-Posev2/train.py"", ""--dataset-root"", ""/data/WiFiPose/dataset/mmfi_pose_v4"", ""--output-dir"", ""/data/WiFiPose/Wi-Posev2/outputs/final_report_seed42_v6/random_frame/source/b1"", ""--split-manifest"", ""/data/WiFiPose/Wi-Posev2/outputs/final_report_seed42_v6/manifests/random_frame_seed42.npz"", ""--batch-size"", ""64"", ""--device"", ""cuda"", ""--seed"", ""42"", ""--mode"", ""source_only"", ""--source-envs"", ""env1"", ""--epochs"", ""50"", ""--axial-mode"", ""spatial_then_temporal"", ""--decoder-type"", ""joint"", ""--bone-loss-weight"", ""0.0""]",completed,2026-07-05T12:42:18.453139+00:00,2026-07-05T13:17:19.205570+00:00,2100.750,/data/WiFiPose/Wi-Posev2/outputs/final_report_seed42_v6/random_frame/source/b1/best_val_pck_0_2.pth,eddea09d269a9c1a030f9dbb9ef3db96a1201d8c5b435490cc757560f4e92128,0.95725652338546,0.05295042569070686,0.9568038487140044,0.05307738405870802,0.7432441751456556,0.7437997333797408,
random_frame_F1,random_frame,finetune_540,"[""/data/bxliu_conda_envs/WiFiPose/bin/python"", ""/data/WiFiPose/Wi-Posev2/train.py"", ""--dataset-root"", ""/data/WiFiPose/dataset/mmfi_pose_v4"", ""--output-dir"", ""/data/WiFiPose/Wi-Posev2/outputs/final_report_seed42_v6/random_frame/finetune_540/f1"", ""--split-manifest"", ""/data/WiFiPose/Wi-Posev2/outputs/final_report_seed42_v6/manifests/random_frame_seed42.npz"", ""--batch-size"", ""64"", ""--device"", ""cuda"", ""--seed"", ""42"", ""--mode"", ""finetune"", ""--target-envs"", ""env2"", ""--finetune-from"", ""/data/WiFiPose/Wi-Posev2/outputs/final_report_seed42_v6/random_frame/source/a1/best_val_pck_0_2.pth"", ""--few-shot-key"", ""env2_fewshot_540"", ""--trainable-groups"", ""spatial_encoder"", ""--epochs"", ""30"", ""--axial-mode"", ""spatial_then_temporal"", ""--decoder-type"", ""joint"", ""--bone-loss-weight"", ""0.5""]",completed,2026-07-05T13:17:42.660296+00:00,2026-07-05T13:18:46.343022+00:00,63.680,/data/WiFiPose/Wi-Posev2/outputs/final_report_seed42_v6/random_frame/finetune_540/f1/best_val_pck_0_2.pth,eddea09d269a9c1a030f9dbb9ef3db96a1201d8c5b435490cc757560f4e92128,0.8259670865388564,0.14766032954424987,0.822482859087579,0.1484954673346178,0.30858710907123704,0.30667352758807903,
random_frame_F2,random_frame,finetune_540,"[""/data/bxliu_conda_envs/WiFiPose/bin/python"", ""/data/WiFiPose/Wi-Posev2/train.py"", ""--dataset-root"", ""/data/WiFiPose/dataset/mmfi_pose_v4"", ""--output-dir"", ""/data/WiFiPose/Wi-Posev2/outputs/final_report_seed42_v6/random_frame/finetune_540/f2"", ""--split-manifest"", ""/data/WiFiPose/Wi-Posev2/outputs/final_report_seed42_v6/manifests/random_frame_seed42.npz"", ""--batch-size"", ""64"", ""--device"", ""cuda"", ""--seed"", ""42"", ""--mode"", ""finetune"", ""--target-envs"", ""env2"", ""--finetune-from"", ""/data/WiFiPose/Wi-Posev2/outputs/final_report_seed42_v6/random_frame/source/a1/best_val_pck_0_2.pth"", ""--few-shot-key"", ""env2_fewshot_540"", ""--trainable-groups"", ""axial_encoder"", ""--epochs"", ""30"", ""--axial-mode"", ""spatial_then_temporal"", ""--decoder-type"", ""joint"", ""--bone-loss-weight"", ""0.5""]",completed,2026-07-05T13:18:50.670632+00:00,2026-07-05T13:19:50.085230+00:00,59.411,/data/WiFiPose/Wi-Posev2/outputs/final_report_seed42_v6/random_frame/finetune_540/f2/best_val_pck_0_2.pth,eddea09d269a9c1a030f9dbb9ef3db96a1201d8c5b435490cc757560f4e92128,0.8309533677277742,0.14369258677885857,0.8289711994300654,0.14365311535788172,0.32719479088430053,0.3290123485930172,
random_frame_F3,random_frame,finetune_540,"[""/data/bxliu_conda_envs/WiFiPose/bin/python"", ""/data/WiFiPose/Wi-Posev2/train.py"", ""--dataset-root"", ""/data/WiFiPose/dataset/mmfi_pose_v4"", ""--output-dir"", ""/data/WiFiPose/Wi-Posev2/outputs/final_report_seed42_v6/random_frame/finetune_540/f3"", ""--split-manifest"", ""/data/WiFiPose/Wi-Posev2/outputs/final_report_seed42_v6/manifests/random_frame_seed42.npz"", ""--batch-size"", ""64"", ""--device"", ""cuda"", ""--seed"", ""42"", ""--mode"", ""finetune"", ""--target-envs"", ""env2"", ""--finetune-from"", ""/data/WiFiPose/Wi-Posev2/outputs/final_report_seed42_v6/random_frame/source/a1/best_val_pck_0_2.pth"", ""--few-shot-key"", ""env2_fewshot_540"", ""--trainable-groups"", ""encoder"", ""--epochs"", ""30"", ""--axial-mode"", ""spatial_then_temporal"", ""--decoder-type"", ""joint"", ""--bone-loss-weight"", ""0.5""]",completed,2026-07-05T13:19:54.473877+00:00,2026-07-05T13:21:00.531006+00:00,64.677,/data/WiFiPose/Wi-Posev2/outputs/final_report_seed42_v6/random_frame/finetune_540/f3/best_val_pck_0_2.pth,eddea09d269a9c1a030f9dbb9ef3db96a1201d8c5b435490cc757560f4e92128,0.8390603622389429,0.13855265776316325,0.8382441744686645,0.13917766367211754,0.3494787425465054,0.3471536394401833,
random_frame_F4,random_frame,finetune_540,"[""/data/bxliu_conda_envs/WiFiPose/bin/python"", ""/data/WiFiPose/Wi-Posev2/train.py"", ""--dataset-root"", ""/data/WiFiPose/dataset/mmfi_pose_v4"", ""--output-dir"", ""/data/WiFiPose/Wi-Posev2/outputs/final_report_seed42_v6/random_frame/finetune_540/f4"", ""--split-manifest"", ""/data/WiFiPose/Wi-Posev2/outputs/final_report_seed42_v6/manifests/random_frame_seed42.npz"", ""--batch-size"", ""64"", ""--device"", ""cuda"", ""--seed"", ""42"", ""--mode"", ""finetune"", ""--target-envs"", ""env2"", ""--finetune-from"", ""/data/WiFiPose/Wi-Posev2/outputs/final_report_seed42_v6/random_frame/source/a1/best_val_pck_0_2.pth"", ""--few-shot-key"", ""env2_fewshot_540"", ""--trainable-groups"", ""decoder"", ""--epochs"", ""30"", ""--axial-mode"", ""spatial_then_temporal"", ""--decoder-type"", ""joint"", ""--bone-loss-weight"", ""0.5""]",completed,2026-07-05T13:21:04.959955+00:00,2026-07-05T13:22:13.689565+00:00,68.727,/data/WiFiPose/Wi-Posev2/outputs/final_report_seed42_v6/random_frame/finetune_540/f4/best_val_pck_0_2.pth,eddea09d269a9c1a030f9dbb9ef3db96a1201d8c5b435490cc757560f4e92128,0.8464129012896691,0.13373761492746847,0.8442181168956521,0.1339282403316027,0.37154321199581947,0.37185185416245164,
random_frame_F5,random_frame,finetune_540,"[""/data/bxliu_conda_envs/WiFiPose/bin/python"", ""/data/WiFiPose/Wi-Posev2/train.py"", ""--dataset-root"", ""/data/WiFiPose/dataset/mmfi_pose_v4"", ""--output-dir"", ""/data/WiFiPose/Wi-Posev2/outputs/final_report_seed42_v6/random_frame/finetune_540/f5"", ""--split-manifest"", ""/data/WiFiPose/Wi-Posev2/outputs/final_report_seed42_v6/manifests/random_frame_seed42.npz"", ""--batch-size"", ""64"", ""--device"", ""cuda"", ""--seed"", ""42"", ""--mode"", ""finetune"", ""--target-envs"", ""env2"", ""--finetune-from"", ""/data/WiFiPose/Wi-Posev2/outputs/final_report_seed42_v6/random_frame/source/a1/best_val_pck_0_2.pth"", ""--few-shot-key"", ""env2_fewshot_540"", ""--trainable-groups"", ""full"", ""--epochs"", ""30"", ""--axial-mode"", ""spatial_then_temporal"", ""--decoder-type"", ""joint"", ""--bone-loss-weight"", ""0.5""]",completed,2026-07-05T13:22:18.056049+00:00,2026-07-05T13:23:35.123419+00:00,77.065,/data/WiFiPose/Wi-Posev2/outputs/final_report_seed42_v6/random_frame/finetune_540/f5/best_val_pck_0_2.pth,eddea09d269a9c1a030f9dbb9ef3db96a1201d8c5b435490cc757560f4e92128,0.8530589902253799,0.12690091946978627,0.8504732576122991,0.12749270684189268,0.42003429777828266,0.4195816236955148,
random_frame_V2,random_frame,finetune_scale,"[""/data/bxliu_conda_envs/WiFiPose/bin/python"", ""/data/WiFiPose/Wi-Posev2/train.py"", ""--dataset-root"", ""/data/WiFiPose/dataset/mmfi_pose_v4"", ""--output-dir"", ""/data/WiFiPose/Wi-Posev2/outputs/final_report_seed42_v6/random_frame/finetune_scale/v2"", ""--split-manifest"", ""/data/WiFiPose/Wi-Posev2/outputs/final_report_seed42_v6/manifests/random_frame_seed42.npz"", ""--batch-size"", ""64"", ""--device"", ""cuda"", ""--seed"", ""42"", ""--mode"", ""finetune"", ""--target-envs"", ""env2"", ""--finetune-from"", ""/data/WiFiPose/Wi-Posev2/outputs/final_report_seed42_v6/random_frame/source/a1/best_val_pck_0_2.pth"", ""--few-shot-key"", ""env2_fewshot_810"", ""--trainable-groups"", ""full"", ""--epochs"", ""30"", ""--axial-mode"", ""spatial_then_temporal"", ""--decoder-type"", ""joint"", ""--bone-loss-weight"", ""0.5""]",completed,2026-07-05T13:23:39.520470+00:00,2026-07-05T13:25:00.213195+00:00,80.690,/data/WiFiPose/Wi-Posev2/outputs/final_report_seed42_v6/random_frame/finetune_scale/v2/best_val_pck_0_2.pth,eddea09d269a9c1a030f9dbb9ef3db96a1201d8c5b435490cc757560f4e92128,,,0.8596639287030255,0.12142079992058837,,0.4434636531641454,
random_frame_V3,random_frame,finetune_scale,"[""/data/bxliu_conda_envs/WiFiPose/bin/python"", ""/data/WiFiPose/Wi-Posev2/train.py"", ""--dataset-root"", ""/data/WiFiPose/dataset/mmfi_pose_v4"", ""--output-dir"", ""/data/WiFiPose/Wi-Posev2/outputs/final_report_seed42_v6/random_frame/finetune_scale/v3"", ""--split-manifest"", ""/data/WiFiPose/Wi-Posev2/outputs/final_report_seed42_v6/manifests/random_frame_seed42.npz"", ""--batch-size"", ""64"", ""--device"", ""cuda"", ""--seed"", ""42"", ""--mode"", ""finetune"", ""--target-envs"", ""env2"", ""--finetune-from"", ""/data/WiFiPose/Wi-Posev2/outputs/final_report_seed42_v6/random_frame/source/a1/best_val_pck_0_2.pth"", ""--few-shot-key"", ""env2_fewshot_4050"", ""--trainable-groups"", ""full"", ""--epochs"", ""30"", ""--axial-mode"", ""spatial_then_temporal"", ""--decoder-type"", ""joint"", ""--bone-loss-weight"", ""0.5""]",completed,2026-07-05T13:25:00.216554+00:00,2026-07-05T13:27:45.594067+00:00,165.375,/data/WiFiPose/Wi-Posev2/outputs/final_report_seed42_v6/random_frame/finetune_scale/v3/best_val_pck_0_2.pth,eddea09d269a9c1a030f9dbb9ef3db96a1201d8c5b435490cc757560f4e92128,,,0.9001440398487044,0.096143906109127,,0.550555561059787,
random_frame_V4,random_frame,finetune_scale,"[""/data/bxliu_conda_envs/WiFiPose/bin/python"", ""/data/WiFiPose/Wi-Posev2/train.py"", ""--dataset-root"", ""/data/WiFiPose/dataset/mmfi_pose_v4"", ""--output-dir"", ""/data/WiFiPose/Wi-Posev2/outputs/final_report_seed42_v6/random_frame/finetune_scale/v4"", ""--split-manifest"", ""/data/WiFiPose/Wi-Posev2/outputs/final_report_seed42_v6/manifests/random_frame_seed42.npz"", ""--batch-size"", ""64"", ""--device"", ""cuda"", ""--seed"", ""42"", ""--mode"", ""finetune"", ""--target-envs"", ""env2"", ""--finetune-from"", ""/data/WiFiPose/Wi-Posev2/outputs/final_report_seed42_v6/random_frame/source/a1/best_val_pck_0_2.pth"", ""--few-shot-key"", ""env2_fewshot_8100"", ""--trainable-groups"", ""full"", ""--epochs"", ""30"", ""--axial-mode"", ""spatial_then_temporal"", ""--decoder-type"", ""joint"", ""--bone-loss-weight"", ""0.5""]",completed,2026-07-05T13:27:45.597398+00:00,2026-07-05T13:31:47.543824+00:00,241.944,/data/WiFiPose/Wi-Posev2/outputs/final_report_seed42_v6/random_frame/finetune_scale/v4/best_val_pck_0_2.pth,eddea09d269a9c1a030f9dbb9ef3db96a1201d8c5b435490cc757560f4e92128,,,0.9153086496871194,0.08619601536496185,,0.5917078263082622,
temporal_block16_A1,temporal_block,source,"[""/data/bxliu_conda_envs/WiFiPose/bin/python"", ""/data/WiFiPose/Wi-Posev2/train.py"", ""--dataset-root"", ""/data/WiFiPose/dataset/mmfi_pose_v4"", ""--output-dir"", ""/data/WiFiPose/Wi-Posev2/outputs/final_report_seed42_v6/temporal_block16/source/a1"", ""--split-manifest"", ""/data/WiFiPose/Wi-Posev2/outputs/final_report_seed42_v6/manifests/temporal_block16_seed42.npz"", ""--batch-size"", ""64"", ""--device"", ""cuda"", ""--seed"", ""42"", ""--mode"", ""source_only"", ""--source-envs"", ""env1"", ""--epochs"", ""50"", ""--axial-mode"", ""spatial_then_temporal"", ""--decoder-type"", ""joint"", ""--bone-loss-weight"", ""0.5""]",completed,2026-07-05T13:33:09.605849+00:00,2026-07-05T14:08:32.580426+00:00,2122.691,/data/WiFiPose/Wi-Posev2/outputs/final_report_seed42_v6/temporal_block16/source/a1/best_val_pck_0_2.pth,d5d93a233cd92523de66681ee7014fa3a623f307c5a281a66687f373b07bbb9e,0.9385281082613797,0.06381895230242933,0.9410017377031198,0.06268598932537187,0.7002189849626844,0.7056250702783227,
temporal_block16_A2,temporal_block,source,"[""/data/bxliu_conda_envs/WiFiPose/bin/python"", ""/data/WiFiPose/Wi-Posev2/train.py"", ""--dataset-root"", ""/data/WiFiPose/dataset/mmfi_pose_v4"", ""--output-dir"", ""/data/WiFiPose/Wi-Posev2/outputs/final_report_seed42_v6/temporal_block16/source/a2"", ""--split-manifest"", ""/data/WiFiPose/Wi-Posev2/outputs/final_report_seed42_v6/manifests/temporal_block16_seed42.npz"", ""--batch-size"", ""64"", ""--device"", ""cuda"", ""--seed"", ""42"", ""--mode"", ""source_only"", ""--source-envs"", ""env1"", ""--epochs"", ""50"", ""--axial-mode"", ""temporal_then_spatial"", ""--decoder-type"", ""joint"", ""--bone-loss-weight"", ""0.5""]",completed,2026-07-05T14:08:56.520799+00:00,2026-07-05T14:43:27.171515+00:00,2070.648,/data/WiFiPose/Wi-Posev2/outputs/final_report_seed42_v6/temporal_block16/source/a2/best_val_pck_0_2.pth,d5d93a233cd92523de66681ee7014fa3a623f307c5a281a66687f373b07bbb9e,0.9378355635920741,0.06504880922198451,0.9369491727651572,0.06538518128091711,0.695760291141837,0.6974543633046749,
temporal_block16_A3,temporal_block,source,"[""/data/bxliu_conda_envs/WiFiPose/bin/python"", ""/data/WiFiPose/Wi-Posev2/train.py"", ""--dataset-root"", ""/data/WiFiPose/dataset/mmfi_pose_v4"", ""--output-dir"", ""/data/WiFiPose/Wi-Posev2/outputs/final_report_seed42_v6/temporal_block16/source/a3"", ""--split-manifest"", ""/data/WiFiPose/Wi-Posev2/outputs/final_report_seed42_v6/manifests/temporal_block16_seed42.npz"", ""--batch-size"", ""64"", ""--device"", ""cuda"", ""--seed"", ""42"", ""--mode"", ""source_only"", ""--source-envs"", ""env1"", ""--epochs"", ""50"", ""--axial-mode"", ""parallel_sum"", ""--decoder-type"", ""joint"", ""--bone-loss-weight"", ""0.5""]",completed,2026-07-05T14:43:51.115756+00:00,2026-07-05T15:19:18.608567+00:00,2127.490,/data/WiFiPose/Wi-Posev2/outputs/final_report_seed42_v6/temporal_block16/source/a3/best_val_pck_0_2.pth,d5d93a233cd92523de66681ee7014fa3a623f307c5a281a66687f373b07bbb9e,0.9372881215512858,0.0660858182319479,0.9369229399673887,0.06631980944386172,0.6873573744918337,0.6869163852575481,
temporal_block16_A4,temporal_block,source,"[""/data/bxliu_conda_envs/WiFiPose/bin/python"", ""/data/WiFiPose/Wi-Posev2/train.py"", ""--dataset-root"", ""/data/WiFiPose/dataset/mmfi_pose_v4"", ""--output-dir"", ""/data/WiFiPose/Wi-Posev2/outputs/final_report_seed42_v6/temporal_block16/source/a4"", ""--split-manifest"", ""/data/WiFiPose/Wi-Posev2/outputs/final_report_seed42_v6/manifests/temporal_block16_seed42.npz"", ""--batch-size"", ""64"", ""--device"", ""cuda"", ""--seed"", ""42"", ""--mode"", ""source_only"", ""--source-envs"", ""env1"", ""--epochs"", ""50"", ""--axial-mode"", ""parallel_concat"", ""--decoder-type"", ""joint"", ""--bone-loss-weight"", ""0.5""]",completed,2026-07-05T15:19:42.803399+00:00,2026-07-05T15:54:57.458470+00:00,2114.652,/data/WiFiPose/Wi-Posev2/outputs/final_report_seed42_v6/temporal_block16/source/a4/best_val_pck_0_2.pth,d5d93a233cd92523de66681ee7014fa3a623f307c5a281a66687f373b07bbb9e,0.9382906675367051,0.0644814524090617,0.9404443452333481,0.06317533415102869,0.6998562180881304,0.7048775104557826,
temporal_block16_D1,temporal_block,source,"[""/data/bxliu_conda_envs/WiFiPose/bin/python"", ""/data/WiFiPose/Wi-Posev2/train.py"", ""--dataset-root"", ""/data/WiFiPose/dataset/mmfi_pose_v4"", ""--output-dir"", ""/data/WiFiPose/Wi-Posev2/outputs/final_report_seed42_v6/temporal_block16/source/d1"", ""--split-manifest"", ""/data/WiFiPose/Wi-Posev2/outputs/final_report_seed42_v6/manifests/temporal_block16_seed42.npz"", ""--batch-size"", ""64"", ""--device"", ""cuda"", ""--seed"", ""42"", ""--mode"", ""source_only"", ""--source-envs"", ""env1"", ""--epochs"", ""50"", ""--axial-mode"", ""spatial_then_temporal"", ""--decoder-type"", ""mlp"", ""--bone-loss-weight"", ""0.5""]",completed,2026-07-05T15:55:21.403305+00:00,2026-07-05T16:21:22.342329+00:00,1560.936,/data/WiFiPose/Wi-Posev2/outputs/final_report_seed42_v6/temporal_block16/source/d1/best_val_pck_0_2.pth,d5d93a233cd92523de66681ee7014fa3a623f307c5a281a66687f373b07bbb9e,0.9291622215391239,0.07351103502689596,0.9296112741019166,0.07328429259535724,0.6460485235396182,0.6452693907690004,
temporal_block16_D3,temporal_block,source,"[""/data/bxliu_conda_envs/WiFiPose/bin/python"", ""/data/WiFiPose/Wi-Posev2/train.py"", ""--dataset-root"", ""/data/WiFiPose/dataset/mmfi_pose_v4"", ""--output-dir"", ""/data/WiFiPose/Wi-Posev2/outputs/final_report_seed42_v6/temporal_block16/source/d3"", ""--split-manifest"", ""/data/WiFiPose/Wi-Posev2/outputs/final_report_seed42_v6/manifests/temporal_block16_seed42.npz"", ""--batch-size"", ""64"", ""--device"", ""cuda"", ""--seed"", ""42"", ""--mode"", ""source_only"", ""--source-envs"", ""env1"", ""--epochs"", ""50"", ""--axial-mode"", ""spatial_then_temporal"", ""--decoder-type"", ""hierarchical"", ""--bone-loss-weight"", ""0.5""]",completed,2026-07-05T16:21:44.392836+00:00,2026-07-05T16:57:30.666928+00:00,2146.271,/data/WiFiPose/Wi-Posev2/outputs/final_report_seed42_v6/temporal_block16/source/d3/best_val_pck_0_2.pth,d5d93a233cd92523de66681ee7014fa3a623f307c5a281a66687f373b07bbb9e,0.9385215111530607,0.0631335824803199,0.9395525181935124,0.062493402359618457,0.7029100274382981,0.7069759265896957,
temporal_block16_B1,temporal_block,source,"[""/data/bxliu_conda_envs/WiFiPose/bin/python"", ""/data/WiFiPose/Wi-Posev2/train.py"", ""--dataset-root"", ""/data/WiFiPose/dataset/mmfi_pose_v4"", ""--output-dir"", ""/data/WiFiPose/Wi-Posev2/outputs/final_report_seed42_v6/temporal_block16/source/b1"", ""--split-manifest"", ""/data/WiFiPose/Wi-Posev2/outputs/final_report_seed42_v6/manifests/temporal_block16_seed42.npz"", ""--batch-size"", ""64"", ""--device"", ""cuda"", ""--seed"", ""42"", ""--mode"", ""source_only"", ""--source-envs"", ""env1"", ""--epochs"", ""50"", ""--axial-mode"", ""spatial_then_temporal"", ""--decoder-type"", ""joint"", ""--bone-loss-weight"", ""0.0""]",completed,2026-07-05T16:57:55.353217+00:00,2026-07-05T17:33:12.055169+00:00,2116.699,/data/WiFiPose/Wi-Posev2/outputs/final_report_seed42_v6/temporal_block16/source/b1/best_val_pck_0_2.pth,d5d93a233cd92523de66681ee7014fa3a623f307c5a281a66687f373b07bbb9e,0.9414500047132208,0.06169924472833379,0.9427198173304118,0.06156323161028938,0.7129420828864564,0.7135203596665344,
temporal_block16_F1,temporal_block,finetune_540,"[""/data/bxliu_conda_envs/WiFiPose/bin/python"", ""/data/WiFiPose/Wi-Posev2/train.py"", ""--dataset-root"", ""/data/WiFiPose/dataset/mmfi_pose_v4"", ""--output-dir"", ""/data/WiFiPose/Wi-Posev2/outputs/final_report_seed42_v6/temporal_block16/finetune_540/f1"", ""--split-manifest"", ""/data/WiFiPose/Wi-Posev2/outputs/final_report_seed42_v6/manifests/temporal_block16_seed42.npz"", ""--batch-size"", ""64"", ""--device"", ""cuda"", ""--seed"", ""42"", ""--mode"", ""finetune"", ""--target-envs"", ""env2"", ""--finetune-from"", ""/data/WiFiPose/Wi-Posev2/outputs/final_report_seed42_v6/temporal_block16/source/a1/best_val_pck_0_2.pth"", ""--few-shot-key"", ""env2_fewshot_540"", ""--trainable-groups"", ""spatial_encoder"", ""--epochs"", ""30"", ""--axial-mode"", ""spatial_then_temporal"", ""--decoder-type"", ""joint"", ""--bone-loss-weight"", ""0.5""]",completed,2026-07-05T17:33:35.582286+00:00,2026-07-05T17:34:38.972401+00:00,63.387,/data/WiFiPose/Wi-Posev2/outputs/final_report_seed42_v6/temporal_block16/finetune_540/f1/best_val_pck_0_2.pth,d5d93a233cd92523de66681ee7014fa3a623f307c5a281a66687f373b07bbb9e,0.8206616186350231,0.15051825026915797,0.8211515495897794,0.1504599467728804,0.2860347951040173,0.2841452358457677,
temporal_block16_F2,temporal_block,finetune_540,"[""/data/bxliu_conda_envs/WiFiPose/bin/python"", ""/data/WiFiPose/Wi-Posev2/train.py"", ""--dataset-root"", ""/data/WiFiPose/dataset/mmfi_pose_v4"", ""--output-dir"", ""/data/WiFiPose/Wi-Posev2/outputs/final_report_seed42_v6/temporal_block16/finetune_540/f2"", ""--split-manifest"", ""/data/WiFiPose/Wi-Posev2/outputs/final_report_seed42_v6/manifests/temporal_block16_seed42.npz"", ""--batch-size"", ""64"", ""--device"", ""cuda"", ""--seed"", ""42"", ""--mode"", ""finetune"", ""--target-envs"", ""env2"", ""--finetune-from"", ""/data/WiFiPose/Wi-Posev2/outputs/final_report_seed42_v6/temporal_block16/source/a1/best_val_pck_0_2.pth"", ""--few-shot-key"", ""env2_fewshot_540"", ""--trainable-groups"", ""axial_encoder"", ""--epochs"", ""30"", ""--axial-mode"", ""spatial_then_temporal"", ""--decoder-type"", ""joint"", ""--bone-loss-weight"", ""0.5""]",completed,2026-07-05T17:34:43.445871+00:00,2026-07-05T17:35:43.315488+00:00,59.869,/data/WiFiPose/Wi-Posev2/outputs/final_report_seed42_v6/temporal_block16/finetune_540/f2/best_val_pck_0_2.pth,d5d93a233cd92523de66681ee7014fa3a623f307c5a281a66687f373b07bbb9e,0.8308003109984351,0.14291273140048935,0.8283420980958643,0.14334112322943687,0.3214511307479645,0.3167990221928629,
temporal_block16_F3,temporal_block,finetune_540,"[""/data/bxliu_conda_envs/WiFiPose/bin/python"", ""/data/WiFiPose/Wi-Posev2/train.py"", ""--dataset-root"", ""/data/WiFiPose/dataset/mmfi_pose_v4"", ""--output-dir"", ""/data/WiFiPose/Wi-Posev2/outputs/final_report_seed42_v6/temporal_block16/finetune_540/f3"", ""--split-manifest"", ""/data/WiFiPose/Wi-Posev2/outputs/final_report_seed42_v6/manifests/temporal_block16_seed42.npz"", ""--batch-size"", ""64"", ""--device"", ""cuda"", ""--seed"", ""42"", ""--mode"", ""finetune"", ""--target-envs"", ""env2"", ""--finetune-from"", ""/data/WiFiPose/Wi-Posev2/outputs/final_report_seed42_v6/temporal_block16/source/a1/best_val_pck_0_2.pth"", ""--few-shot-key"", ""env2_fewshot_540"", ""--trainable-groups"", ""encoder"", ""--epochs"", ""30"", ""--axial-mode"", ""spatial_then_temporal"", ""--decoder-type"", ""joint"", ""--bone-loss-weight"", ""0.5""]",completed,2026-07-05T17:35:47.791848+00:00,2026-07-05T17:36:52.543175+00:00,64.748,/data/WiFiPose/Wi-Posev2/outputs/final_report_seed42_v6/temporal_block16/finetune_540/f3/best_val_pck_0_2.pth,d5d93a233cd92523de66681ee7014fa3a623f307c5a281a66687f373b07bbb9e,0.8345570891234391,0.14086401012555394,0.8339127978258991,0.1412062483733831,0.33172798828737593,0.32809187566356607,
temporal_block16_F4,temporal_block,finetune_540,"[""/data/bxliu_conda_envs/WiFiPose/bin/python"", ""/data/WiFiPose/Wi-Posev2/train.py"", ""--dataset-root"", ""/data/WiFiPose/dataset/mmfi_pose_v4"", ""--output-dir"", ""/data/WiFiPose/Wi-Posev2/outputs/final_report_seed42_v6/temporal_block16/finetune_540/f4"", ""--split-manifest"", ""/data/WiFiPose/Wi-Posev2/outputs/final_report_seed42_v6/manifests/temporal_block16_seed42.npz"", ""--batch-size"", ""64"", ""--device"", ""cuda"", ""--seed"", ""42"", ""--mode"", ""finetune"", ""--target-envs"", ""env2"", ""--finetune-from"", ""/data/WiFiPose/Wi-Posev2/outputs/final_report_seed42_v6/temporal_block16/source/a1/best_val_pck_0_2.pth"", ""--few-shot-key"", ""env2_fewshot_540"", ""--trainable-groups"", ""decoder"", ""--epochs"", ""30"", ""--axial-mode"", ""spatial_then_temporal"", ""--decoder-type"", ""joint"", ""--bone-loss-weight"", ""0.5""]",completed,2026-07-05T17:36:57.106773+00:00,2026-07-05T17:38:07.980580+00:00,70.092,/data/WiFiPose/Wi-Posev2/outputs/final_report_seed42_v6/temporal_block16/finetune_540/f4/best_val_pck_0_2.pth,d5d93a233cd92523de66681ee7014fa3a623f307c5a281a66687f373b07bbb9e,0.8497223624794589,0.1330473353580692,0.8470559623536162,0.1328195862227443,0.36596663243281563,0.3657171506303541,
temporal_block16_F5,temporal_block,finetune_540,"[""/data/bxliu_conda_envs/WiFiPose/bin/python"", ""/data/WiFiPose/Wi-Posev2/train.py"", ""--dataset-root"", ""/data/WiFiPose/dataset/mmfi_pose_v4"", ""--output-dir"", ""/data/WiFiPose/Wi-Posev2/outputs/final_report_seed42_v6/temporal_block16/finetune_540/f5"", ""--split-manifest"", ""/data/WiFiPose/Wi-Posev2/outputs/final_report_seed42_v6/manifests/temporal_block16_seed42.npz"", ""--batch-size"", ""64"", ""--device"", ""cuda"", ""--seed"", ""42"", ""--mode"", ""finetune"", ""--target-envs"", ""env2"", ""--finetune-from"", ""/data/WiFiPose/Wi-Posev2/outputs/final_report_seed42_v6/temporal_block16/source/a1/best_val_pck_0_2.pth"", ""--few-shot-key"", ""env2_fewshot_540"", ""--trainable-groups"", ""full"", ""--epochs"", ""30"", ""--axial-mode"", ""spatial_then_temporal"", ""--decoder-type"", ""joint"", ""--bone-loss-weight"", ""0.5""]",completed,2026-07-05T17:38:12.524025+00:00,2026-07-05T17:39:28.567147+00:00,76.040,/data/WiFiPose/Wi-Posev2/outputs/final_report_seed42_v6/temporal_block16/finetune_540/f5/best_val_pck_0_2.pth,d5d93a233cd92523de66681ee7014fa3a623f307c5a281a66687f373b07bbb9e,0.8541173290607772,0.12774203323826638,0.8516784618855144,0.128122138321979,0.4042712817085913,0.40195962521396034,
temporal_block16_V2,temporal_block,finetune_scale,"[""/data/bxliu_conda_envs/WiFiPose/bin/python"", ""/data/WiFiPose/Wi-Posev2/train.py"", ""--dataset-root"", ""/data/WiFiPose/dataset/mmfi_pose_v4"", ""--output-dir"", ""/data/WiFiPose/Wi-Posev2/outputs/final_report_seed42_v6/temporal_block16/finetune_scale/v2"", ""--split-manifest"", ""/data/WiFiPose/Wi-Posev2/outputs/final_report_seed42_v6/manifests/temporal_block16_seed42.npz"", ""--batch-size"", ""64"", ""--device"", ""cuda"", ""--seed"", ""42"", ""--mode"", ""finetune"", ""--target-envs"", ""env2"", ""--finetune-from"", ""/data/WiFiPose/Wi-Posev2/outputs/final_report_seed42_v6/temporal_block16/source/a1/best_val_pck_0_2.pth"", ""--few-shot-key"", ""env2_fewshot_810"", ""--trainable-groups"", ""full"", ""--epochs"", ""30"", ""--axial-mode"", ""spatial_then_temporal"", ""--decoder-type"", ""joint"", ""--bone-loss-weight"", ""0.5""]",completed,2026-07-05T17:39:32.978913+00:00,2026-07-05T17:40:55.062990+00:00,82.081,/data/WiFiPose/Wi-Posev2/outputs/final_report_seed42_v6/temporal_block16/finetune_scale/v2/best_val_pck_0_2.pth,d5d93a233cd92523de66681ee7014fa3a623f307c5a281a66687f373b07bbb9e,,,0.8617333745707745,0.12119093166700229,,0.4316239347881201,
temporal_block16_V3,temporal_block,finetune_scale,"[""/data/bxliu_conda_envs/WiFiPose/bin/python"", ""/data/WiFiPose/Wi-Posev2/train.py"", ""--dataset-root"", ""/data/WiFiPose/dataset/mmfi_pose_v4"", ""--output-dir"", ""/data/WiFiPose/Wi-Posev2/outputs/final_report_seed42_v6/temporal_block16/finetune_scale/v3"", ""--split-manifest"", ""/data/WiFiPose/Wi-Posev2/outputs/final_report_seed42_v6/manifests/temporal_block16_seed42.npz"", ""--batch-size"", ""64"", ""--device"", ""cuda"", ""--seed"", ""42"", ""--mode"", ""finetune"", ""--target-envs"", ""env2"", ""--finetune-from"", ""/data/WiFiPose/Wi-Posev2/outputs/final_report_seed42_v6/temporal_block16/source/a1/best_val_pck_0_2.pth"", ""--few-shot-key"", ""env2_fewshot_4050"", ""--trainable-groups"", ""full"", ""--epochs"", ""30"", ""--axial-mode"", ""spatial_then_temporal"", ""--decoder-type"", ""joint"", ""--bone-loss-weight"", ""0.5""]",completed,2026-07-05T17:40:55.066651+00:00,2026-07-05T17:43:38.076873+00:00,163.007,/data/WiFiPose/Wi-Posev2/outputs/final_report_seed42_v6/temporal_block16/finetune_scale/v3/best_val_pck_0_2.pth,d5d93a233cd92523de66681ee7014fa3a623f307c5a281a66687f373b07bbb9e,,,0.8963099117243447,0.09768629347057976,,0.5412403104485275,
temporal_block16_V4,temporal_block,finetune_scale,"[""/data/bxliu_conda_envs/WiFiPose/bin/python"", ""/data/WiFiPose/Wi-Posev2/train.py"", ""--dataset-root"", ""/data/WiFiPose/dataset/mmfi_pose_v4"", ""--output-dir"", ""/data/WiFiPose/Wi-Posev2/outputs/final_report_seed42_v6/temporal_block16/finetune_scale/v4"", ""--split-manifest"", ""/data/WiFiPose/Wi-Posev2/outputs/final_report_seed42_v6/manifests/temporal_block16_seed42.npz"", ""--batch-size"", ""64"", ""--device"", ""cuda"", ""--seed"", ""42"", ""--mode"", ""finetune"", ""--target-envs"", ""env2"", ""--finetune-from"", ""/data/WiFiPose/Wi-Posev2/outputs/final_report_seed42_v6/temporal_block16/source/a1/best_val_pck_0_2.pth"", ""--few-shot-key"", ""env2_fewshot_8100"", ""--trainable-groups"", ""full"", ""--epochs"", ""30"", ""--axial-mode"", ""spatial_then_temporal"", ""--decoder-type"", ""joint"", ""--bone-loss-weight"", ""0.5""]",completed,2026-07-05T17:43:38.080850+00:00,2026-07-05T17:47:38.832022+00:00,239.888,/data/WiFiPose/Wi-Posev2/outputs/final_report_seed42_v6/temporal_block16/finetune_scale/v4/best_val_pck_0_2.pth,d5d93a233cd92523de66681ee7014fa3a623f307c5a281a66687f373b07bbb9e,,,0.9109543999309321,0.08876996345555767,,0.5810912293365983,
