epoch,axial_mode,decoder_type,csi_feature_mode,spatial_stem_type,background_kernel_size,input_calibration,wrist_refinement,latent_structure_loss_weight,encoder_relation_loss_weight,train_loss,train_coord_loss,train_bone_loss,train_mpjpe,train_pck_0_2,val_loss,val_coord_loss,val_bone_loss,val_mpjpe,val_pck_0_2,val_pck_0_5,current_lr,epoch_time
1,spatial_then_temporal,joint,raw,baseline,9,none,False,0.0,0.0,0.11566708187328921,0.11566708187328921,0.14712653820377097,0.18852575505591557,0.7352169353133817,0.08355770501135987,0.08355770501135987,0.06768507874416764,0.13543153463976834,0.8336103585147665,0.9771261277482414,2.524528036268529e-05,47.103723257314414
2,spatial_then_temporal,joint,raw,baseline,9,none,False,0.0,0.0,0.08412234185207454,0.08412234185207454,0.07189598150768498,0.13648431737122166,0.8319000172515232,0.07967842707993596,0.07967842707993596,0.06725821180252979,0.12976056269688346,0.8383790470140501,0.9806086569546832,4.0751846733381384e-05,46.65419392194599
3,spatial_then_temporal,joint,raw,baseline,9,none,False,0.0,0.0,0.08054720339536647,0.08054720339536647,0.06867681877789542,0.13088137344478176,0.8401778338371516,0.07767139530050617,0.07767139530050617,0.06548414366001558,0.1264794308368913,0.843193905647642,0.9808790806309848,6.584189671144758e-05,46.37213286058977
4,spatial_then_temporal,joint,raw,baseline,9,none,False,0.0,0.0,0.07690251176167895,0.07690251176167895,0.06604110150999608,0.12520700261174564,0.8490849783017705,0.07661186311463414,0.07661186311463414,0.06442256509518235,0.1248684709273154,0.851544057970501,0.9797644055287373,9.941872740981103e-05,44.92594283912331
5,spatial_then_temporal,joint,raw,baseline,9,none,False,0.0,0.0,0.07350988598036176,0.07350988598036176,0.06406803624622817,0.11982311561335243,0.8584976932855379,0.07280403145774801,0.07280403145774801,0.06222328398552287,0.11885214942227375,0.8564908323471384,0.9805229089187356,0.00014001467307261055,41.818359793163836
6,spatial_then_temporal,joint,raw,baseline,9,none,False,0.0,0.0,0.0701586257763756,0.0701586257763756,0.06198088170458651,0.11442188053018948,0.8676936109537422,0.06981974732823812,0.06981974732823812,0.0635256132438901,0.11407418381261328,0.8670637315460046,0.9836031019185227,0.00018585525772826518,40.27212525019422
7,spatial_then_temporal,joint,raw,baseline,9,none,False,0.0,0.0,0.06662252716404048,0.06662252716404048,0.059437007361023766,0.10864154679349215,0.8777812952311252,0.06861800577959892,0.06861800577959892,0.05815067172278691,0.1118061107731617,0.8749587816508779,0.9865118072461193,0.00023493675872253894,41.262220319826156
8,spatial_then_temporal,joint,raw,baseline,9,none,False,0.0,0.0,0.06343452692377934,0.06343452692377934,0.056380336014865105,0.1034221227878699,0.8880243376331765,0.0635789946910464,0.0635789946910464,0.055291265291268536,0.10383190038165839,0.8840212727490308,0.9858984043121791,0.0002851137907776285,41.192245076876134
9,spatial_then_temporal,joint,raw,baseline,9,none,False,0.0,0.0,0.06090522552859172,0.06090522552859172,0.05412580330710255,0.09935851893157828,0.8953866887896799,0.061530953572819104,0.061530953572819104,0.05458678475071497,0.10035370559094708,0.8916788744371662,0.9881607290261377,0.0003341930822193975,39.92690746486187
10,spatial_then_temporal,joint,raw,baseline,9,none,False,0.0,0.0,0.058193795216472916,0.058193795216472916,0.05157344603563939,0.0950223985956135,0.9020670471131891,0.06017036912302697,0.06017036912302697,0.050140792773962446,0.09803341488892048,0.8981624473362655,0.9881079631987935,0.00038002934435106225,41.2870695348829
11,spatial_then_temporal,joint,raw,baseline,9,none,False,0.0,0.0,0.05617358179514146,0.05617358179514146,0.04955178805785031,0.09180901859460901,0.907659027635585,0.05823162046675655,0.05823162046675655,0.05054820481093807,0.09528134090008368,0.8969092624538176,0.9890247676939491,0.00042061904345880525,41.23068973980844
12,spatial_then_temporal,joint,raw,baseline,9,none,False,0.0,0.0,0.054285059930205354,0.054285059930205354,0.04790343293554222,0.0888367877888947,0.9116561844192774,0.05684043952177316,0.05684043952177316,0.04751669902057712,0.09313961272283276,0.900860084068403,0.9873428625518715,0.00045418797661215014,46.10438979789615
13,spatial_then_temporal,joint,raw,baseline,9,none,False,0.0,0.0,0.05259199491372059,0.05259199491372059,0.046400432302830995,0.08611541490309403,0.91591226933023,0.054924932043240046,0.054924932043240046,0.04636000435094815,0.08994508122645604,0.905549627796539,0.9898624186927373,0.00047926882326221755,45.13665796816349
14,spatial_then_temporal,joint,raw,baseline,9,none,False,0.0,0.0,0.050993812161593634,0.050993812161593634,0.045084374630179995,0.08357165235873318,0.9196425976511408,0.054523255388109475,0.054523255388109475,0.046721946184933506,0.08948737075374329,0.9056419656804038,0.9890379572260002,0.0004947652828055648,43.77074686437845
15,spatial_then_temporal,joint,raw,baseline,9,none,False,0.0,0.0,0.049273745011876986,0.049273745011876986,0.043651836605240676,0.08087364616013315,0.9240312178625165,0.054061079064763796,0.054061079064763796,0.044939541645904454,0.08860400364830759,0.9082538643967973,0.9891105102952099,0.0004999999989704114,41.41494523594156
16,spatial_then_temporal,joint,raw,baseline,9,none,False,0.0,0.0,0.04761403540685068,0.04761403540685068,0.042338993126713784,0.07820277318813967,0.928309246104554,0.05397656810360794,0.05397656810360794,0.04614265860904994,0.08847384963188576,0.9100610829441307,0.990792412719944,0.0004989915789377818,41.46588760986924
17,spatial_then_temporal,joint,raw,baseline,9,none,False,0.0,0.0,0.04596665782125765,0.04596665782125765,0.04113855248158064,0.07553509961328421,0.9326592476863848,0.052480742163274176,0.052480742163274176,0.044290846998517056,0.08615706371685027,0.9122178740998451,0.9907792193595523,0.0004959785056303427,38.74296640371904
18,spatial_then_temporal,joint,raw,baseline,9,none,False,0.0,0.0,0.04452685035617442,0.04452685035617442,0.04002496181626071,0.07315382237920397,0.937036459099786,0.04898202445463742,0.04898202445463742,0.04210380378150393,0.08084045920070342,0.9165644390444624,0.9904956059035249,0.0004909850385427073,41.45101372571662
19,spatial_then_temporal,joint,raw,baseline,9,none,False,0.0,0.0,0.042956280717729944,0.042956280717729944,0.03882495426297781,0.07066084282515842,0.9405771984836673,0.048650436236026745,0.048650436236026745,0.0418452143294963,0.08017930459391684,0.9192093147966,0.9921907010305442,0.0004840513821357542,41.569790850859135
20,spatial_then_temporal,joint,raw,baseline,9,none,False,0.0,0.0,0.041524005127264826,0.041524005127264826,0.0376984889325876,0.06832240479284293,0.9445348570260008,0.04884074436051537,0.04884074436051537,0.04142456751431335,0.08046825137774395,0.9177978353971372,0.9903834801621467,0.00047523336213394814,40.546372974757105
21,spatial_then_temporal,joint,raw,baseline,9,none,False,0.0,0.0,0.03993953514624352,0.03993953514624352,0.036630698686723265,0.0657101633079725,0.9487681211128705,0.04982742349555596,0.04982742349555596,0.042163031032656346,0.08206716012711637,0.9172503932502029,0.9905088013231534,0.0004646019760494319,41.401903945952654
22,spatial_then_temporal,joint,raw,baseline,9,none,False,0.0,0.0,0.03855833469837308,0.03855833469837308,0.035578184064560966,0.06346877510831182,0.9523571352030543,0.04572151890784152,0.04572151890784152,0.039580621478089974,0.07543739600271379,0.9273945746449553,0.9933119702194814,0.0004522428215518042,41.43935919785872
23,spatial_then_temporal,joint,raw,baseline,9,none,False,0.0,0.0,0.037000513370944496,0.037000513370944496,0.03439244280413802,0.06091799167915443,0.9561120393491109,0.0457537629282575,0.0457537629282575,0.03864953425442763,0.07552689867573807,0.9264909641966038,0.991280495150984,0.00043825540728601483,41.28332544537261
24,spatial_then_temporal,joint,raw,baseline,9,none,False,0.0,0.0,0.03568536793704667,0.03568536793704667,0.03340584842171966,0.05877332080584377,0.9596009932881575,0.04534889315843766,0.04534889315843766,0.03817067458556933,0.07489820321946435,0.9254092695975437,0.9915113434377736,0.00042275235168726544,41.42115571303293
25,spatial_then_temporal,joint,raw,baseline,9,none,False,0.0,0.0,0.03404073331986796,0.03404073331986796,0.03225835467918204,0.056069216597656076,0.9634515692794273,0.04428544508676503,0.04428544508676503,0.037871623208991116,0.07325905986872376,0.9289973286471117,0.9909243270618593,0.00040585847624358823,41.24199448293075
26,spatial_then_temporal,joint,raw,baseline,9,none,False,0.0,0.0,0.03285299339314397,0.03285299339314397,0.031347937436936375,0.054095854199389844,0.9662760862073153,0.044844271131076564,0.044844271131076564,0.03838346847738249,0.07430820770904016,0.9280211648464939,0.9920653812282091,0.0003877098005066176,41.2567751314491
27,spatial_then_temporal,joint,raw,baseline,9,none,False,0.0,0.0,0.03127765115231301,0.03127765115231301,0.030151579695580053,0.05151076535195129,0.9695535079969012,0.04282804455877476,0.04282804455877476,0.03645623591189485,0.07110030199104203,0.9309694426905779,0.9918081511599738,0.0003684524469421393,41.214758914895356
28,spatial_then_temporal,joint,raw,baseline,9,none,False,0.0,0.0,0.029709202765968796,0.029709202765968796,0.02903161022239165,0.04891713003273569,0.9729713662256985,0.04265566086935046,0.04265566086935046,0.036304917134752354,0.07074773745797287,0.9318598606843189,0.9919334700565277,0.00034824146443791386,41.354457679670304
29,spatial_then_temporal,joint,raw,baseline,9,none,False,0.0,0.0,0.02825907068074724,0.02825907068074724,0.027891168156518823,0.046512780017819444,0.975801150242632,0.04201967661525197,0.04201967661525197,0.03548575211796216,0.06961964261639038,0.9334626155993327,0.9922500616451433,0.00032723957994120005,41.40550799341872
30,spatial_then_temporal,joint,raw,baseline,9,none,False,0.0,0.0,0.02690219834349206,0.02690219834349206,0.0269205709076957,0.044279272046823887,0.9783755149601364,0.04088020036586366,0.04088020036586366,0.03465379126680431,0.06785601367093698,0.9346564344395711,0.9925072948836126,0.00030561588827705734,41.33621487906203
31,spatial_then_temporal,joint,raw,baseline,9,none,False,0.0,0.0,0.025588394828227255,0.025588394828227255,0.025889565125702212,0.042128376789860124,0.9809095034102842,0.04114454079679875,0.04114454079679875,0.03445015028234079,0.06837823513418058,0.9328624085237588,0.9916102805953403,0.0002835444906962405,41.26676240703091
32,spatial_then_temporal,joint,raw,baseline,9,none,False,0.0,0.0,0.02435103394918056,0.02435103394918056,0.025018651855241228,0.040082857771225944,0.9828861393600065,0.040424660483542596,0.040424660483542596,0.034198068979268234,0.06722796414851095,0.9349004754286458,0.9919334673391843,0.000261203093114299,41.34273892408237
33,spatial_then_temporal,joint,raw,baseline,9,none,False,0.0,0.0,0.023217833760129078,0.023217833760129078,0.024046859624016877,0.038207180706414955,0.98472321592751,0.03974337269681749,0.03974337269681749,0.033577596763650665,0.06613340092751924,0.9365823761904224,0.9925666568144248,0.00023877157532803308,39.91058956924826
34,spatial_then_temporal,joint,raw,baseline,9,none,False,0.0,0.0,0.021766923593719317,0.021766923593719317,0.02289088075518966,0.03580583361802117,0.9870017885050603,0.03995442451431747,0.03995442451431747,0.03391417882744779,0.06643648150033217,0.9359030248319736,0.9921577219921748,0.00021643054272913923,41.286761556752026
35,spatial_then_temporal,joint,raw,baseline,9,none,False,0.0,0.0,0.020571881902402438,0.020571881902402438,0.02192270306299291,0.03382983981841444,0.9888134128750383,0.03908068204886179,0.03908068204886179,0.0329370944356389,0.06506757509256575,0.9370836532343797,0.9926062294865934,0.00019435987217578931,41.72032958595082
36,spatial_then_temporal,joint,raw,baseline,9,none,False,0.0,0.0,0.0196752810648422,0.0196752810648422,0.021190347198259494,0.03234152299593962,0.9899325096604383,0.03852286229466693,0.03852286229466693,0.03233230930070731,0.06413196902896819,0.9390557654096723,0.9925336759644932,0.00017273726372993458,41.354986543767154
37,spatial_then_temporal,joint,raw,baseline,9,none,False,0.0,0.0,0.018689708219558173,0.018689708219558173,0.020420437835869665,0.030704248381744903,0.9910077217866557,0.038194633760049126,0.038194633760049126,0.03200994067625579,0.06366071170504424,0.9389238492703474,0.9925996326825602,0.0001517368099208933,41.45120827713981
38,spatial_then_temporal,joint,raw,baseline,9,none,False,0.0,0.0,0.01776653709239832,0.01776653709239832,0.019617569332294804,0.029166493395132866,0.9922163490850182,0.03778029745173762,0.03778029745173762,0.03182416382363697,0.06293632578408578,0.9404540520714677,0.9927579315232647,0.00013152759405466894,41.30010109394789
39,spatial_then_temporal,joint,raw,baseline,9,none,False,0.0,0.0,0.016981116968213462,0.016981116968213462,0.01892030642304114,0.027873396536023266,0.9930528176632224,0.03785640258546801,0.03785640258546801,0.031736902399894164,0.06309603066425219,0.9402232031831829,0.9928238886942224,0.0001122723288545899,41.53254628600553
40,spatial_then_temporal,joint,raw,baseline,9,none,False,0.0,0.0,0.016241267105491345,0.016241267105491345,0.018321880552506022,0.026653559835238785,0.9938269709427687,0.03750567375940473,0.03750567375940473,0.031665042029906235,0.06247773230346509,0.9404870323057514,0.9930349520035995,9.41260463941346e-05,41.385372356977314
41,spatial_then_temporal,joint,raw,baseline,9,none,False,0.0,0.0,0.015592807158224508,0.015592807158224508,0.017733754784643334,0.025574879935013475,0.994497551679969,0.03731857512420888,0.03731857512420888,0.031400820296326286,0.06221494774690054,0.9410212828543214,0.9928370818493981,7.723484986983331e-05,41.134647116065025
42,spatial_then_temporal,joint,raw,baseline,9,none,False,0.0,0.0,0.014997759454987589,0.014997759454987589,0.017223518935901565,0.024584152132981346,0.9949671345051266,0.036991246988894916,0.036991246988894916,0.031039370607554198,0.06169924472833379,0.9414500047132208,0.9926721884691133,6.173473726423701e-05,42.64680404169485
43,spatial_then_temporal,joint,raw,baseline,9,none,False,0.0,0.0,0.014475672019483571,0.014475672019483571,0.01676458335076287,0.023726487189451282,0.9954718250103571,0.03726947222470664,0.03726947222470664,0.031132029143691585,0.06216495519053493,0.9402759687628526,0.9928766540686761,4.775050637012732e-05,41.14938167389482
44,spatial_then_temporal,joint,raw,baseline,9,none,False,0.0,0.0,0.014079902787151443,0.014079902787151443,0.016407092989317397,0.02306508715789421,0.9957921958466881,0.036969231978318876,0.036969231978318876,0.030991261724789974,0.06168858988813602,0.941199367330545,0.9926458039703242,3.539474999206901e-05,41.41553181875497
45,spatial_then_temporal,joint,raw,baseline,9,none,False,0.0,0.0,0.01374169762803015,0.01374169762803015,0.01610468344408167,0.022510605464727027,0.9960800887802143,0.03691175718877253,0.03691175718877253,0.031026579428583147,0.06160777886801161,0.9413378767073898,0.9929689957384229,2.476694941535112e-05,41.59339867904782
46,spatial_then_temporal,joint,raw,baseline,9,none,False,0.0,0.0,0.013479133691788497,0.013479133691788497,0.015899746241881528,0.022079900773089828,0.9962512453874242,0.03687015909997468,0.03687015909997468,0.030943773858488902,0.06150610169861742,0.9412587295090319,0.9929360144356006,1.59526734411718e-05,41.24272866314277
47,spatial_then_temporal,joint,raw,baseline,9,none,False,0.0,0.0,0.013274488840330145,0.013274488840330145,0.015700815643125546,0.021744234588734958,0.9964496099974309,0.03689430189062103,0.03689430189062103,0.030969373455462853,0.061562336998545304,0.9410146858026137,0.9929294185373487,9.022889436964885e-06,34.92661102581769
48,spatial_then_temporal,joint,raw,baseline,9,none,False,0.0,0.0,0.013124512682342729,0.013124512682342729,0.01557575115387095,0.02149224133350003,0.9965259725678937,0.03685432096767897,0.03685432096767897,0.0309129343136471,0.061501407164562406,0.9412257527492681,0.9929162294581881,4.0333919488851725e-06,41.37007329892367
49,spatial_then_temporal,joint,raw,baseline,9,none,False,0.0,0.0,0.013038275031209138,0.013038275031209138,0.015500899580840614,0.021362381223278718,0.9965803920765964,0.03684996082785257,0.03684996082785257,0.030923800103991754,0.06149956076332414,0.9410608573380522,0.9930415469960703,1.0243534769296598e-06,41.34569703787565
50,spatial_then_temporal,joint,raw,baseline,9,none,False,0.0,0.0,0.012987124240192882,0.012987124240192882,0.015450093631198342,0.021270393120856664,0.9966251563146334,0.03684106376497547,0.03684106376497547,0.030922149412071255,0.0614835405413773,0.9412521345307139,0.9929294208018016,2.0001029588585144e-08,41.44742644485086
